{"cameraMode":{"drawMode":0,"name":"Shaded","section":"Shading Mode"},"sceneLighting":true,"audioPlay":false,"sceneViewState":{"showFog":false,"showMaterialUpdate":false,"showSkybox":false,"showFlares":false,"showImageEffects":false,"showParticleSystems":false},"in2DMode":false,"pivot":{"x":2.220918893814087,"y":-14.880464553833008,"z":12.226402282714844},"rotation":{"x":0.534881055355072,"y":0.008121289312839508,"z":-0.005174631252884865,"w":0.8450347185134888},"size":25.158348083496095,"orthographic":false}