{"cameraMode":{"drawMode":0,"name":"Shaded","section":"Shading Mode"},"sceneLighting":true,"audioPlay":false,"sceneViewState":{"showFog":false,"showMaterialUpdate":false,"showSkybox":false,"showFlares":false,"showImageEffects":false,"showParticleSystems":false},"in2DMode":false,"pivot":{"x":-4.948904037475586,"y":-6.8456268310546879,"z":3.9809799194335939},"rotation":{"x":-0.4656856954097748,"y":0.035021018236875537,"z":-0.018454989418387414,"w":-0.8840900659561157},"size":50.488948822021487,"orthographic":false}