{"cameraMode":{"drawMode":0,"name":"Shaded","section":"Shading Mode"},"sceneLighting":true,"audioPlay":false,"sceneViewState":{"showFog":false,"showMaterialUpdate":false,"showSkybox":false,"showFlares":false,"showImageEffects":false,"showParticleSystems":false},"in2DMode":false,"pivot":{"x":0.7863726615905762,"y":16.197322845458986,"z":12.449848175048829},"rotation":{"x":-0.15419605374336244,"y":0.0035509252920746805,"z":-0.0005648850346915424,"w":-0.9880620837211609},"size":65.95796966552735,"orthographic":false}