{"cameraMode":{"drawMode":0,"name":"Shaded","section":"Shading Mode"},"sceneLighting":true,"audioPlay":false,"sceneViewState":{"showFog":false,"showMaterialUpdate":false,"showSkybox":false,"showFlares":false,"showImageEffects":false,"showParticleSystems":false},"in2DMode":false,"pivot":{"x":-1.445652961730957,"y":7.884433746337891,"z":-1.825930118560791},"rotation":{"x":0.5991074442863464,"y":0.005293728783726692,"z":-0.003990291152149439,"w":0.8007974624633789},"size":10.933530807495118,"orthographic":false}