{"cameraMode":{"drawMode":0,"name":"Shaded","section":"Shading Mode"},"sceneLighting":true,"audioPlay":false,"sceneViewState":{"showFog":false,"showMaterialUpdate":false,"showSkybox":false,"showFlares":false,"showImageEffects":false,"showParticleSystems":false},"in2DMode":false,"pivot":{"x":-542.6437377929688,"y":1860.7142333984375,"z":-419.754638671875},"rotation":{"x":0.07642510533332825,"y":-0.7886829376220703,"z":0.18450652062892915,"w":0.5814600586891174},"size":235.09547424316407,"orthographic":false}