{"cameraMode":{"drawMode":0,"name":"Shaded","section":"Shading Mode"},"sceneLighting":true,"audioPlay":false,"sceneViewState":{"showFog":false,"showMaterialUpdate":false,"showSkybox":false,"showFlares":false,"showImageEffects":false,"showParticleSystems":false},"in2DMode":false,"pivot":{"x":-26.555282592773439,"y":-4.010143280029297,"z":-8.483421325683594},"rotation":{"x":0.3568068742752075,"y":-0.21384556591510774,"z":0.08421599119901657,"w":0.905616044998169},"size":28.306995391845704,"orthographic":false}