{"cameraMode":{"drawMode":0,"name":"Shaded","section":"Shading Mode"},"sceneLighting":true,"audioPlay":false,"sceneViewState":{"showFog":false,"showMaterialUpdate":false,"showSkybox":false,"showFlares":false,"showImageEffects":false,"showParticleSystems":false},"in2DMode":false,"pivot":{"x":-0.6198246479034424,"y":-8.34273910522461,"z":-10.459576606750489},"rotation":{"x":0.5386605262756348,"y":-0.010830050334334374,"z":0.006944559048861265,"w":0.8425912261009216},"size":32.077552795410159,"orthographic":false}