{"cameraMode":{"drawMode":0,"name":"Shaded","section":"Shading Mode"},"sceneLighting":true,"audioPlay":false,"sceneViewState":{"showFog":false,"showMaterialUpdate":false,"showSkybox":false,"showFlares":false,"showImageEffects":false,"showParticleSystems":false},"in2DMode":false,"pivot":{"x":-0.6794488430023193,"y":0.442105770111084,"z":-0.37497246265411379},"rotation":{"x":-0.27977538108825686,"y":-0.5296963453292847,"z":0.19053886830806733,"w":-0.7777438759803772},"size":23.53308868408203,"orthographic":false}