{"cameraMode":{"drawMode":0,"name":"Shaded","section":"Shading Mode"},"sceneLighting":true,"audioPlay":false,"sceneViewState":{"showFog":false,"showMaterialUpdate":false,"showSkybox":false,"showFlares":false,"showImageEffects":false,"showParticleSystems":false},"in2DMode":false,"pivot":{"x":-3.2255656719207765,"y":3.0434951782226564,"z":-6.594480514526367},"rotation":{"x":0.4975830912590027,"y":-0.013784092850983143,"z":0.007871011272072792,"w":0.8674172163009644},"size":28.513072967529298,"orthographic":false}