{"cameraMode":{"drawMode":0,"name":"Shaded","section":"Shading Mode"},"sceneLighting":true,"audioPlay":false,"sceneViewState":{"showFog":true,"showMaterialUpdate":false,"showSkybox":true,"showFlares":true,"showImageEffects":true,"showParticleSystems":true},"in2DMode":false,"pivot":{"x":2.6237101554870607,"y":-39.1767692565918,"z":-0.039281368255615237},"rotation":{"x":-0.684054970741272,"y":-0.003941970877349377,"z":0.0036957834381610157,"w":-0.7294290065765381},"size":54.52520751953125,"orthographic":false}