{"cameraMode":{"drawMode":0,"name":"Shaded","section":"Shading Mode"},"sceneLighting":false,"audioPlay":false,"sceneViewState":{"showFog":true,"showMaterialUpdate":false,"showSkybox":false,"showFlares":true,"showImageEffects":true,"showParticleSystems":true},"in2DMode":false,"pivot":{"x":2.9166228771209719,"y":3.194308280944824,"z":4.074603080749512},"rotation":{"x":-0.4134533107280731,"y":0.015566063113510609,"z":-0.007069488521665335,"w":-0.9103661179542542},"size":4.286825656890869,"orthographic":false}