{"cameraMode":{"drawMode":0,"name":"Shaded","section":"Shading Mode"},"sceneLighting":true,"audioPlay":false,"sceneViewState":{"showFog":true,"showMaterialUpdate":false,"showSkybox":true,"showFlares":true,"showImageEffects":true,"showParticleSystems":true},"in2DMode":false,"pivot":{"x":11.567913055419922,"y":19.055444717407228,"z":10.876750946044922},"rotation":{"x":-0.5942264795303345,"y":0.006513371132314205,"z":-0.004806044511497021,"w":-0.804291307926178},"size":30.396310806274415,"orthographic":false}